timestamp,symbol,signal,confidence,expected_return,actual_return,success,deviation,bot_name,strategy
2025-06-13T20:50:25.803750,BTCUSDT,BUY,0.75,0.02,0.025,True,0.25000000000000006,TestBot,test
2025-06-13T20:52:28.039695,BTCUSDT,BUY,0.75,0.02,0.025,True,0.25000000000000006,TestBot,test
2025-06-13T21:00:48.361445,BTCUSDT,BUY,0.75,0.02,0.025,True,0.25000000000000006,TestBot,test
2025-06-13 22:15:00,ADAUSD,SELL,0.88,0.038,0.042,True,0.10526315789473693,breakout_bot,breakout
2025-06-13 22:15:00,ADAUSD,SELL,0.88,0.038,0.042,True,0.10526315789473693,breakout_bot,breakout
2025-06-13 22:15:00,ADAUSD,SELL,0.88,0.038,0.042,True,0.10526315789473693,breakout_bot,breakout
2025-06-13 22:15:00,ADAUSD,SELL,0.88,0.038,0.042,True,0.10526315789473693,breakout_bot,breakout
