{
  "trades": [
    {
      "success": true,
      "trade_id": "demo_1748432393",
      "timestamp": "2025-05-28T14:39:53.896901",
      "symbol": "BTCUSDT",
      "signal": "buy",
      "position_size": 500,
      "confidence": 0.85,
      "expected_return": 0.18,
      "entry_price": 43500.0,
      "status": "executed_demo"
    },
    {
      "success": true,
      "trade_id": "demo_1748432423",
      "timestamp": "2025-05-28T14:40:23.887154",
      "symbol": "BTCUSDT",
      "signal": "buy",
      "position_size": 500,
      "confidence": 0.85,
      "expected_return": 0.18,
      "entry_price": 43500.0,
      "status": "executed_demo"
    },
    {
      "success": true,
      "trade_id": "demo_1748432453",
      "timestamp": "2025-05-28T14:40:53.892184",
      "symbol": "BTCUSDT",
      "signal": "buy",
      "position_size": 500,
      "confidence": 0.85,
      "expected_return": 0.18,
      "entry_price": 43500.0,
      "status": "executed_demo"
    },
    {
      "success": true,
      "trade_id": "demo_1748432483",
      "timestamp": "2025-05-28T14:41:23.896552",
      "symbol": "BTCUSDT",
      "signal": "buy",
      "position_size": 500,
      "confidence": 0.85,
      "expected_return": 0.18,
      "entry_price": 43500.0,
      "status": "executed_demo"
    },
    {
      "success": true,
      "trade_id": "demo_1748432513",
      "timestamp": "2025-05-28T14:41:53.900382",
      "symbol": "BTCUSDT",
      "signal": "buy",
      "position_size": 500,
      "confidence": 0.85,
      "expected_return": 0.18,
      "entry_price": 43500.0,
      "status": "executed_demo"
    },
    {
      "success": true,
      "trade_id": "demo_1748432543",
      "timestamp": "2025-05-28T14:42:23.914270",
      "symbol": "BTCUSDT",
      "signal": "buy",
      "position_size": 500,
      "confidence": 0.85,
      "expected_return": 0.18,
      "entry_price": 43500.0,
      "status": "executed_demo"
    },
    {
      "success": true,
      "trade_id": "demo_1748432573",
      "timestamp": "2025-05-28T14:42:53.926564",
      "symbol": "BTCUSDT",
      "signal": "buy",
      "position_size": 500,
      "confidence": 0.85,
      "expected_return": 0.18,
      "entry_price": 43500.0,
      "status": "executed_demo"
    },
    {
      "success": true,
      "trade_id": "demo_1748432603",
      "timestamp": "2025-05-28T14:43:23.931912",
      "symbol": "BTCUSDT",
      "signal": "buy",
      "position_size": 500,
      "confidence": 0.85,
      "expected_return": 0.18,
      "entry_price": 43500.0,
      "status": "executed_demo"
    },
    {
      "success": true,
      "trade_id": "demo_1748432633",
      "timestamp": "2025-05-28T14:43:53.938196",
      "symbol": "BTCUSDT",
      "signal": "buy",
      "position_size": 500,
      "confidence": 0.85,
      "expected_return": 0.18,
      "entry_price": 43500.0,
      "status": "executed_demo"
    },
    {
      "success": true,
      "trade_id": "demo_1748432663",
      "timestamp": "2025-05-28T14:44:23.949147",
      "symbol": "BTCUSDT",
      "signal": "buy",
      "position_size": 500,
      "confidence": 0.85,
      "expected_return": 0.18,
      "entry_price": 43500.0,
      "status": "executed_demo"
    },
    {
      "success": true,
      "trade_id": "demo_1748432693",
      "timestamp": "2025-05-28T14:44:53.959805",
      "symbol": "BTCUSDT",
      "signal": "buy",
      "position_size": 500,
      "confidence": 0.85,
      "expected_return": 0.18,
      "entry_price": 43500.0,
      "status": "executed_demo"
    },
    {
      "success": true,
      "trade_id": "demo_1748432723",
      "timestamp": "2025-05-28T14:45:23.967550",
      "symbol": "BTCUSDT",
      "signal": "buy",
      "position_size": 500,
      "confidence": 0.85,
      "expected_return": 0.18,
      "entry_price": 43500.0,
      "status": "executed_demo"
    },
    {
      "success": true,
      "trade_id": "demo_1748432753",
      "timestamp": "2025-05-28T14:45:53.969215",
      "symbol": "BTCUSDT",
      "signal": "buy",
      "position_size": 500,
      "confidence": 0.85,
      "expected_return": 0.18,
      "entry_price": 43500.0,
      "status": "executed_demo"
    },
    {
      "success": true,
      "trade_id": "demo_1748432783",
      "timestamp": "2025-05-28T14:46:23.974346",
      "symbol": "BTCUSDT",
      "signal": "buy",
      "position_size": 500,
      "confidence": 0.85,
      "expected_return": 0.18,
      "entry_price": 43500.0,
      "status": "executed_demo"
    },
    {
      "success": true,
      "trade_id": "demo_1748432813",
      "timestamp": "2025-05-28T14:46:53.986895",
      "symbol": "BTCUSDT",
      "signal": "buy",
      "position_size": 500,
      "confidence": 0.85,
      "expected_return": 0.18,
      "entry_price": 43500.0,
      "status": "executed_demo"
    },
    {
      "success": true,
      "trade_id": "demo_1748432843",
      "timestamp": "2025-05-28T14:47:23.997064",
      "symbol": "BTCUSDT",
      "signal": "buy",
      "position_size": 500,
      "confidence": 0.85,
      "expected_return": 0.18,
      "entry_price": 43500.0,
      "status": "executed_demo"
    },
    {
      "success": true,
      "trade_id": "demo_1748432874",
      "timestamp": "2025-05-28T14:47:54.003060",
      "symbol": "BTCUSDT",
      "signal": "buy",
      "position_size": 500,
      "confidence": 0.85,
      "expected_return": 0.18,
      "entry_price": 43500.0,
      "status": "executed_demo"
    },
    {
      "success": true,
      "trade_id": "demo_1748432904",
      "timestamp": "2025-05-28T14:48:24.017953",
      "symbol": "BTCUSDT",
      "signal": "buy",
      "position_size": 500,
      "confidence": 0.85,
      "expected_return": 0.18,
      "entry_price": 43500.0,
      "status": "executed_demo"
    },
    {
      "success": true,
      "trade_id": "demo_1748432934",
      "timestamp": "2025-05-28T14:48:54.030625",
      "symbol": "BTCUSDT",
      "signal": "buy",
      "position_size": 500,
      "confidence": 0.85,
      "expected_return": 0.18,
      "entry_price": 43500.0,
      "status": "executed_demo"
    },
    {
      "success": true,
      "trade_id": "demo_1748432964",
      "timestamp": "2025-05-28T14:49:24.036715",
      "symbol": "BTCUSDT",
      "signal": "buy",
      "position_size": 500,
      "confidence": 0.85,
      "expected_return": 0.18,
      "entry_price": 43500.0,
      "status": "executed_demo"
    },
    {
      "success": true,
      "trade_id": "demo_1748432994",
      "timestamp": "2025-05-28T14:49:54.060073",
      "symbol": "BTCUSDT",
      "signal": "buy",
      "position_size": 500,
      "confidence": 0.85,
      "expected_return": 0.18,
      "entry_price": 43500.0,
      "status": "executed_demo"
    },
    {
      "success": true,
      "trade_id": "demo_1748433024",
      "timestamp": "2025-05-28T14:50:24.062138",
      "symbol": "BTCUSDT",
      "signal": "buy",
      "position_size": 500,
      "confidence": 0.85,
      "expected_return": 0.18,
      "entry_price": 43500.0,
      "status": "executed_demo"
    },
    {
      "success": true,
      "trade_id": "demo_1748433054",
      "timestamp": "2025-05-28T14:50:54.068640",
      "symbol": "BTCUSDT",
      "signal": "buy",
      "position_size": 500,
      "confidence": 0.85,
      "expected_return": 0.18,
      "entry_price": 43500.0,
      "status": "executed_demo"
    },
    {
      "success": true,
      "trade_id": "demo_1748433084",
      "timestamp": "2025-05-28T14:51:24.068844",
      "symbol": "BTCUSDT",
      "signal": "buy",
      "position_size": 500,
      "confidence": 0.85,
      "expected_return": 0.18,
      "entry_price": 43500.0,
      "status": "executed_demo"
    },
    {
      "success": true,
      "trade_id": "demo_1748433114",
      "timestamp": "2025-05-28T14:51:54.079653",
      "symbol": "BTCUSDT",
      "signal": "buy",
      "position_size": 500,
      "confidence": 0.85,
      "expected_return": 0.18,
      "entry_price": 43500.0,
      "status": "executed_demo"
    },
    {
      "success": true,
      "trade_id": "demo_1748433144",
      "timestamp": "2025-05-28T14:52:24.092467",
      "symbol": "BTCUSDT",
      "signal": "buy",
      "position_size": 500,
      "confidence": 0.85,
      "expected_return": 0.18,
      "entry_price": 43500.0,
      "status": "executed_demo"
    },
    {
      "success": true,
      "trade_id": "demo_1748433174",
      "timestamp": "2025-05-28T14:52:54.095054",
      "symbol": "BTCUSDT",
      "signal": "buy",
      "position_size": 500,
      "confidence": 0.85,
      "expected_return": 0.18,
      "entry_price": 43500.0,
      "status": "executed_demo"
    },
    {
      "success": true,
      "trade_id": "demo_1748433204",
      "timestamp": "2025-05-28T14:53:24.100986",
      "symbol": "BTCUSDT",
      "signal": "buy",
      "position_size": 500,
      "confidence": 0.85,
      "expected_return": 0.18,
      "entry_price": 43500.0,
      "status": "executed_demo"
    },
    {
      "success": true,
      "trade_id": "demo_1748433234",
      "timestamp": "2025-05-28T14:53:54.101938",
      "symbol": "BTCUSDT",
      "signal": "buy",
      "position_size": 500,
      "confidence": 0.85,
      "expected_return": 0.18,
      "entry_price": 43500.0,
      "status": "executed_demo"
    },
    {
      "success": true,
      "trade_id": "demo_1748433264",
      "timestamp": "2025-05-28T14:54:24.110117",
      "symbol": "BTCUSDT",
      "signal": "buy",
      "position_size": 500,
      "confidence": 0.85,
      "expected_return": 0.18,
      "entry_price": 43500.0,
      "status": "executed_demo"
    },
    {
      "success": true,
      "trade_id": "demo_1748433294",
      "timestamp": "2025-05-28T14:54:54.117508",
      "symbol": "BTCUSDT",
      "signal": "buy",
      "position_size": 500,
      "confidence": 0.85,
      "expected_return": 0.18,
      "entry_price": 43500.0,
      "status": "executed_demo"
    },
    {
      "success": true,
      "trade_id": "demo_1748433324",
      "timestamp": "2025-05-28T14:55:24.120629",
      "symbol": "BTCUSDT",
      "signal": "buy",
      "position_size": 500,
      "confidence": 0.85,
      "expected_return": 0.18,
      "entry_price": 43500.0,
      "status": "executed_demo"
    },
    {
      "success": true,
      "trade_id": "demo_1748433354",
      "timestamp": "2025-05-28T14:55:54.132819",
      "symbol": "BTCUSDT",
      "signal": "buy",
      "position_size": 500,
      "confidence": 0.85,
      "expected_return": 0.18,
      "entry_price": 43500.0,
      "status": "executed_demo"
    },
    {
      "success": true,
      "trade_id": "demo_1748433384",
      "timestamp": "2025-05-28T14:56:24.145307",
      "symbol": "BTCUSDT",
      "signal": "buy",
      "position_size": 500,
      "confidence": 0.85,
      "expected_return": 0.18,
      "entry_price": 43500.0,
      "status": "executed_demo"
    },
    {
      "success": true,
      "trade_id": "demo_1748433414",
      "timestamp": "2025-05-28T14:56:54.159718",
      "symbol": "BTCUSDT",
      "signal": "buy",
      "position_size": 500,
      "confidence": 0.85,
      "expected_return": 0.18,
      "entry_price": 43500.0,
      "status": "executed_demo"
    },
    {
      "success": true,
      "trade_id": "demo_1748433444",
      "timestamp": "2025-05-28T14:57:24.174323",
      "symbol": "BTCUSDT",
      "signal": "buy",
      "position_size": 500,
      "confidence": 0.85,
      "expected_return": 0.18,
      "entry_price": 43500.0,
      "status": "executed_demo"
    },
    {
      "success": true,
      "trade_id": "demo_1748433474",
      "timestamp": "2025-05-28T14:57:54.183135",
      "symbol": "BTCUSDT",
      "signal": "buy",
      "position_size": 500,
      "confidence": 0.85,
      "expected_return": 0.18,
      "entry_price": 43500.0,
      "status": "executed_demo"
    },
    {
      "success": true,
      "trade_id": "demo_1748433504",
      "timestamp": "2025-05-28T14:58:24.191451",
      "symbol": "BTCUSDT",
      "signal": "buy",
      "position_size": 500,
      "confidence": 0.85,
      "expected_return": 0.18,
      "entry_price": 43500.0,
      "status": "executed_demo"
    },
    {
      "success": true,
      "trade_id": "demo_1748433534",
      "timestamp": "2025-05-28T14:58:54.199622",
      "symbol": "BTCUSDT",
      "signal": "buy",
      "position_size": 500,
      "confidence": 0.85,
      "expected_return": 0.18,
      "entry_price": 43500.0,
      "status": "executed_demo"
    },
    {
      "success": true,
      "trade_id": "demo_1748433564",
      "timestamp": "2025-05-28T14:59:24.211045",
      "symbol": "BTCUSDT",
      "signal": "buy",
      "position_size": 500,
      "confidence": 0.85,
      "expected_return": 0.18,
      "entry_price": 43500.0,
      "status": "executed_demo"
    },
    {
      "success": true,
      "trade_id": "demo_1748433594",
      "timestamp": "2025-05-28T14:59:54.215894",
      "symbol": "BTCUSDT",
      "signal": "buy",
      "position_size": 500,
      "confidence": 0.85,
      "expected_return": 0.18,
      "entry_price": 43500.0,
      "status": "executed_demo"
    },
    {
      "success": true,
      "trade_id": "demo_1748433624",
      "timestamp": "2025-05-28T15:00:24.225643",
      "symbol": "BTCUSDT",
      "signal": "buy",
      "position_size": 500,
      "confidence": 0.85,
      "expected_return": 0.18,
      "entry_price": 43500.0,
      "status": "executed_demo"
    },
    {
      "success": true,
      "trade_id": "demo_1748433654",
      "timestamp": "2025-05-28T15:00:54.236632",
      "symbol": "BTCUSDT",
      "signal": "buy",
      "position_size": 500,
      "confidence": 0.85,
      "expected_return": 0.18,
      "entry_price": 43500.0,
      "status": "executed_demo"
    },
    {
      "success": true,
      "trade_id": "demo_1748433684",
      "timestamp": "2025-05-28T15:01:24.252373",
      "symbol": "BTCUSDT",
      "signal": "buy",
      "position_size": 500,
      "confidence": 0.85,
      "expected_return": 0.18,
      "entry_price": 43500.0,
      "status": "executed_demo"
    },
    {
      "success": true,
      "trade_id": "demo_1748433714",
      "timestamp": "2025-05-28T15:01:54.270751",
      "symbol": "BTCUSDT",
      "signal": "buy",
      "position_size": 500,
      "confidence": 0.85,
      "expected_return": 0.18,
      "entry_price": 43500.0,
      "status": "executed_demo"
    },
    {
      "success": true,
      "trade_id": "demo_1748433744",
      "timestamp": "2025-05-28T15:02:24.281016",
      "symbol": "BTCUSDT",
      "signal": "buy",
      "position_size": 500,
      "confidence": 0.85,
      "expected_return": 0.18,
      "entry_price": 43500.0,
      "status": "executed_demo"
    },
    {
      "success": true,
      "trade_id": "demo_1748433774",
      "timestamp": "2025-05-28T15:02:54.284625",
      "symbol": "BTCUSDT",
      "signal": "buy",
      "position_size": 500,
      "confidence": 0.85,
      "expected_return": 0.18,
      "entry_price": 43500.0,
      "status": "executed_demo"
    },
    {
      "success": true,
      "trade_id": "demo_1748433804",
      "timestamp": "2025-05-28T15:03:24.289393",
      "symbol": "BTCUSDT",
      "signal": "buy",
      "position_size": 500,
      "confidence": 0.85,
      "expected_return": 0.18,
      "entry_price": 43500.0,
      "status": "executed_demo"
    },
    {
      "success": true,
      "trade_id": "demo_1748433834",
      "timestamp": "2025-05-28T15:03:54.297431",
      "symbol": "BTCUSDT",
      "signal": "buy",
      "position_size": 500,
      "confidence": 0.85,
      "expected_return": 0.18,
      "entry_price": 43500.0,
      "status": "executed_demo"
    },
    {
      "success": true,
      "trade_id": "demo_1748433864",
      "timestamp": "2025-05-28T15:04:24.307712",
      "symbol": "BTCUSDT",
      "signal": "buy",
      "position_size": 500,
      "confidence": 0.85,
      "expected_return": 0.18,
      "entry_price": 43500.0,
      "status": "executed_demo"
    },
    {
      "success": true,
      "trade_id": "demo_1748433894",
      "timestamp": "2025-05-28T15:04:54.319395",
      "symbol": "BTCUSDT",
      "signal": "buy",
      "position_size": 500,
      "confidence": 0.85,
      "expected_return": 0.18,
      "entry_price": 43500.0,
      "status": "executed_demo"
    },
    {
      "success": true,
      "trade_id": "demo_1748433924",
      "timestamp": "2025-05-28T15:05:24.324794",
      "symbol": "BTCUSDT",
      "signal": "buy",
      "position_size": 500,
      "confidence": 0.85,
      "expected_return": 0.18,
      "entry_price": 43500.0,
      "status": "executed_demo"
    },
    {
      "success": true,
      "trade_id": "demo_1748433954",
      "timestamp": "2025-05-28T15:05:54.337301",
      "symbol": "BTCUSDT",
      "signal": "buy",
      "position_size": 500,
      "confidence": 0.85,
      "expected_return": 0.18,
      "entry_price": 43500.0,
      "status": "executed_demo"
    },
    {
      "success": true,
      "trade_id": "demo_1748433984",
      "timestamp": "2025-05-28T15:06:24.343904",
      "symbol": "BTCUSDT",
      "signal": "buy",
      "position_size": 500,
      "confidence": 0.85,
      "expected_return": 0.18,
      "entry_price": 43500.0,
      "status": "executed_demo"
    },
    {
      "success": true,
      "trade_id": "demo_1748434014",
      "timestamp": "2025-05-28T15:06:54.352253",
      "symbol": "BTCUSDT",
      "signal": "buy",
      "position_size": 500,
      "confidence": 0.85,
      "expected_return": 0.18,
      "entry_price": 43500.0,
      "status": "executed_demo"
    },
    {
      "success": true,
      "trade_id": "demo_1748434044",
      "timestamp": "2025-05-28T15:07:24.368935",
      "symbol": "BTCUSDT",
      "signal": "buy",
      "position_size": 500,
      "confidence": 0.85,
      "expected_return": 0.18,
      "entry_price": 43500.0,
      "status": "executed_demo"
    },
    {
      "success": true,
      "trade_id": "demo_1748434074",
      "timestamp": "2025-05-28T15:07:54.380138",
      "symbol": "BTCUSDT",
      "signal": "buy",
      "position_size": 500,
      "confidence": 0.85,
      "expected_return": 0.18,
      "entry_price": 43500.0,
      "status": "executed_demo"
    },
    {
      "success": true,
      "trade_id": "demo_1748434104",
      "timestamp": "2025-05-28T15:08:24.378979",
      "symbol": "BTCUSDT",
      "signal": "buy",
      "position_size": 500,
      "confidence": 0.85,
      "expected_return": 0.18,
      "entry_price": 43500.0,
      "status": "executed_demo"
    },
    {
      "success": true,
      "trade_id": "demo_1748434134",
      "timestamp": "2025-05-28T15:08:54.388614",
      "symbol": "BTCUSDT",
      "signal": "buy",
      "position_size": 500,
      "confidence": 0.85,
      "expected_return": 0.18,
      "entry_price": 43500.0,
      "status": "executed_demo"
    },
    {
      "success": true,
      "trade_id": "demo_1748434164",
      "timestamp": "2025-05-28T15:09:24.393659",
      "symbol": "BTCUSDT",
      "signal": "buy",
      "position_size": 500,
      "confidence": 0.85,
      "expected_return": 0.18,
      "entry_price": 43500.0,
      "status": "executed_demo"
    },
    {
      "success": true,
      "trade_id": "demo_1748434194",
      "timestamp": "2025-05-28T15:09:54.402847",
      "symbol": "BTCUSDT",
      "signal": "buy",
      "position_size": 500,
      "confidence": 0.85,
      "expected_return": 0.18,
      "entry_price": 43500.0,
      "status": "executed_demo"
    },
    {
      "success": true,
      "trade_id": "demo_1748434224",
      "timestamp": "2025-05-28T15:10:24.404451",
      "symbol": "BTCUSDT",
      "signal": "buy",
      "position_size": 500,
      "confidence": 0.85,
      "expected_return": 0.18,
      "entry_price": 43500.0,
      "status": "executed_demo"
    },
    {
      "success": true,
      "trade_id": "demo_1748434254",
      "timestamp": "2025-05-28T15:10:54.405244",
      "symbol": "BTCUSDT",
      "signal": "buy",
      "position_size": 500,
      "confidence": 0.85,
      "expected_return": 0.18,
      "entry_price": 43500.0,
      "status": "executed_demo"
    },
    {
      "success": true,
      "trade_id": "demo_1748434284",
      "timestamp": "2025-05-28T15:11:24.406008",
      "symbol": "BTCUSDT",
      "signal": "buy",
      "position_size": 500,
      "confidence": 0.85,
      "expected_return": 0.18,
      "entry_price": 43500.0,
      "status": "executed_demo"
    },
    {
      "success": true,
      "trade_id": "demo_1748434314",
      "timestamp": "2025-05-28T15:11:54.414600",
      "symbol": "BTCUSDT",
      "signal": "buy",
      "position_size": 500,
      "confidence": 0.85,
      "expected_return": 0.18,
      "entry_price": 43500.0,
      "status": "executed_demo"
    },
    {
      "success": true,
      "trade_id": "demo_1748434344",
      "timestamp": "2025-05-28T15:12:24.421438",
      "symbol": "BTCUSDT",
      "signal": "buy",
      "position_size": 500,
      "confidence": 0.85,
      "expected_return": 0.18,
      "entry_price": 43500.0,
      "status": "executed_demo"
    },
    {
      "success": true,
      "trade_id": "demo_1748434374",
      "timestamp": "2025-05-28T15:12:54.433156",
      "symbol": "BTCUSDT",
      "signal": "buy",
      "position_size": 500,
      "confidence": 0.85,
      "expected_return": 0.18,
      "entry_price": 43500.0,
      "status": "executed_demo"
    },
    {
      "success": true,
      "trade_id": "demo_1748434404",
      "timestamp": "2025-05-28T15:13:24.443168",
      "symbol": "BTCUSDT",
      "signal": "buy",
      "position_size": 500,
      "confidence": 0.85,
      "expected_return": 0.18,
      "entry_price": 43500.0,
      "status": "executed_demo"
    },
    {
      "success": true,
      "trade_id": "demo_1748434434",
      "timestamp": "2025-05-28T15:13:54.459068",
      "symbol": "BTCUSDT",
      "signal": "buy",
      "position_size": 500,
      "confidence": 0.85,
      "expected_return": 0.18,
      "entry_price": 43500.0,
      "status": "executed_demo"
    },
    {
      "success": true,
      "trade_id": "demo_1748434464",
      "timestamp": "2025-05-28T15:14:24.461524",
      "symbol": "BTCUSDT",
      "signal": "buy",
      "position_size": 500,
      "confidence": 0.85,
      "expected_return": 0.18,
      "entry_price": 43500.0,
      "status": "executed_demo"
    },
    {
      "success": true,
      "trade_id": "demo_1748434494",
      "timestamp": "2025-05-28T15:14:54.468320",
      "symbol": "BTCUSDT",
      "signal": "buy",
      "position_size": 500,
      "confidence": 0.85,
      "expected_return": 0.18,
      "entry_price": 43500.0,
      "status": "executed_demo"
    },
    {
      "success": true,
      "trade_id": "demo_1748434524",
      "timestamp": "2025-05-28T15:15:24.471435",
      "symbol": "BTCUSDT",
      "signal": "buy",
      "position_size": 500,
      "confidence": 0.85,
      "expected_return": 0.18,
      "entry_price": 43500.0,
      "status": "executed_demo"
    },
    {
      "success": true,
      "trade_id": "demo_1748434554",
      "timestamp": "2025-05-28T15:15:54.480032",
      "symbol": "BTCUSDT",
      "signal": "buy",
      "position_size": 500,
      "confidence": 0.85,
      "expected_return": 0.18,
      "entry_price": 43500.0,
      "status": "executed_demo"
    },
    {
      "success": true,
      "trade_id": "demo_1748434584",
      "timestamp": "2025-05-28T15:16:24.495940",
      "symbol": "BTCUSDT",
      "signal": "buy",
      "position_size": 500,
      "confidence": 0.85,
      "expected_return": 0.18,
      "entry_price": 43500.0,
      "status": "executed_demo"
    },
    {
      "success": true,
      "trade_id": "demo_1748434614",
      "timestamp": "2025-05-28T15:16:54.499351",
      "symbol": "BTCUSDT",
      "signal": "buy",
      "position_size": 500,
      "confidence": 0.85,
      "expected_return": 0.18,
      "entry_price": 43500.0,
      "status": "executed_demo"
    },
    {
      "success": true,
      "trade_id": "demo_1748434644",
      "timestamp": "2025-05-28T15:17:24.508647",
      "symbol": "BTCUSDT",
      "signal": "buy",
      "position_size": 500,
      "confidence": 0.85,
      "expected_return": 0.18,
      "entry_price": 43500.0,
      "status": "executed_demo"
    },
    {
      "success": true,
      "trade_id": "demo_1748434674",
      "timestamp": "2025-05-28T15:17:54.519688",
      "symbol": "BTCUSDT",
      "signal": "buy",
      "position_size": 500,
      "confidence": 0.85,
      "expected_return": 0.18,
      "entry_price": 43500.0,
      "status": "executed_demo"
    },
    {
      "success": true,
      "trade_id": "demo_1748434704",
      "timestamp": "2025-05-28T15:18:24.522629",
      "symbol": "BTCUSDT",
      "signal": "buy",
      "position_size": 500,
      "confidence": 0.85,
      "expected_return": 0.18,
      "entry_price": 43500.0,
      "status": "executed_demo"
    },
    {
      "success": true,
      "trade_id": "demo_1748434734",
      "timestamp": "2025-05-28T15:18:54.523584",
      "symbol": "BTCUSDT",
      "signal": "buy",
      "position_size": 500,
      "confidence": 0.85,
      "expected_return": 0.18,
      "entry_price": 43500.0,
      "status": "executed_demo"
    },
    {
      "success": true,
      "trade_id": "demo_1748434764",
      "timestamp": "2025-05-28T15:19:24.537117",
      "symbol": "BTCUSDT",
      "signal": "buy",
      "position_size": 500,
      "confidence": 0.85,
      "expected_return": 0.18,
      "entry_price": 43500.0,
      "status": "executed_demo"
    },
    {
      "success": true,
      "trade_id": "demo_1748434794",
      "timestamp": "2025-05-28T15:19:54.545252",
      "symbol": "BTCUSDT",
      "signal": "buy",
      "position_size": 500,
      "confidence": 0.85,
      "expected_return": 0.18,
      "entry_price": 43500.0,
      "status": "executed_demo"
    },
    {
      "success": true,
      "trade_id": "demo_1748434824",
      "timestamp": "2025-05-28T15:20:24.555616",
      "symbol": "BTCUSDT",
      "signal": "buy",
      "position_size": 500,
      "confidence": 0.85,
      "expected_return": 0.18,
      "entry_price": 43500.0,
      "status": "executed_demo"
    },
    {
      "success": true,
      "trade_id": "demo_1748434854",
      "timestamp": "2025-05-28T15:20:54.568749",
      "symbol": "BTCUSDT",
      "signal": "buy",
      "position_size": 500,
      "confidence": 0.85,
      "expected_return": 0.18,
      "entry_price": 43500.0,
      "status": "executed_demo"
    },
    {
      "success": true,
      "trade_id": "demo_1748434884",
      "timestamp": "2025-05-28T15:21:24.571186",
      "symbol": "BTCUSDT",
      "signal": "buy",
      "position_size": 500,
      "confidence": 0.85,
      "expected_return": 0.18,
      "entry_price": 43500.0,
      "status": "executed_demo"
    },
    {
      "success": true,
      "trade_id": "demo_1748434914",
      "timestamp": "2025-05-28T15:21:54.575241",
      "symbol": "BTCUSDT",
      "signal": "buy",
      "position_size": 500,
      "confidence": 0.85,
      "expected_return": 0.18,
      "entry_price": 43500.0,
      "status": "executed_demo"
    },
    {
      "success": true,
      "trade_id": "demo_1748434944",
      "timestamp": "2025-05-28T15:22:24.584338",
      "symbol": "BTCUSDT",
      "signal": "buy",
      "position_size": 500,
      "confidence": 0.85,
      "expected_return": 0.18,
      "entry_price": 43500.0,
      "status": "executed_demo"
    },
    {
      "success": true,
      "trade_id": "demo_1748434974",
      "timestamp": "2025-05-28T15:22:54.591594",
      "symbol": "BTCUSDT",
      "signal": "buy",
      "position_size": 500,
      "confidence": 0.85,
      "expected_return": 0.18,
      "entry_price": 43500.0,
      "status": "executed_demo"
    },
    {
      "success": true,
      "trade_id": "demo_1748435004",
      "timestamp": "2025-05-28T15:23:24.593772",
      "symbol": "BTCUSDT",
      "signal": "buy",
      "position_size": 500,
      "confidence": 0.85,
      "expected_return": 0.18,
      "entry_price": 43500.0,
      "status": "executed_demo"
    },
    {
      "success": true,
      "trade_id": "demo_1748435034",
      "timestamp": "2025-05-28T15:23:54.599886",
      "symbol": "BTCUSDT",
      "signal": "buy",
      "position_size": 500,
      "confidence": 0.85,
      "expected_return": 0.18,
      "entry_price": 43500.0,
      "status": "executed_demo"
    },
    {
      "success": true,
      "trade_id": "demo_1748435064",
      "timestamp": "2025-05-28T15:24:24.613057",
      "symbol": "BTCUSDT",
      "signal": "buy",
      "position_size": 500,
      "confidence": 0.85,
      "expected_return": 0.18,
      "entry_price": 43500.0,
      "status": "executed_demo"
    },
    {
      "success": true,
      "trade_id": "demo_1748435094",
      "timestamp": "2025-05-28T15:24:54.610961",
      "symbol": "BTCUSDT",
      "signal": "buy",
      "position_size": 500,
      "confidence": 0.85,
      "expected_return": 0.18,
      "entry_price": 43500.0,
      "status": "executed_demo"
    },
    {
      "success": true,
      "trade_id": "demo_1748435124",
      "timestamp": "2025-05-28T15:25:24.622694",
      "symbol": "BTCUSDT",
      "signal": "buy",
      "position_size": 500,
      "confidence": 0.85,
      "expected_return": 0.18,
      "entry_price": 43500.0,
      "status": "executed_demo"
    },
    {
      "success": true,
      "trade_id": "demo_1748435154",
      "timestamp": "2025-05-28T15:25:54.624646",
      "symbol": "BTCUSDT",
      "signal": "buy",
      "position_size": 500,
      "confidence": 0.85,
      "expected_return": 0.18,
      "entry_price": 43500.0,
      "status": "executed_demo"
    },
    {
      "success": true,
      "trade_id": "demo_1748435184",
      "timestamp": "2025-05-28T15:26:24.630707",
      "symbol": "BTCUSDT",
      "signal": "buy",
      "position_size": 500,
      "confidence": 0.85,
      "expected_return": 0.18,
      "entry_price": 43500.0,
      "status": "executed_demo"
    },
    {
      "success": true,
      "trade_id": "demo_1748435214",
      "timestamp": "2025-05-28T15:26:54.641296",
      "symbol": "BTCUSDT",
      "signal": "buy",
      "position_size": 500,
      "confidence": 0.85,
      "expected_return": 0.18,
      "entry_price": 43500.0,
      "status": "executed_demo"
    },
    {
      "success": true,
      "trade_id": "demo_1748435244",
      "timestamp": "2025-05-28T15:27:24.646988",
      "symbol": "BTCUSDT",
      "signal": "buy",
      "position_size": 500,
      "confidence": 0.85,
      "expected_return": 0.18,
      "entry_price": 43500.0,
      "status": "executed_demo"
    },
    {
      "success": true,
      "trade_id": "demo_1748435274",
      "timestamp": "2025-05-28T15:27:54.647353",
      "symbol": "BTCUSDT",
      "signal": "buy",
      "position_size": 500,
      "confidence": 0.85,
      "expected_return": 0.18,
      "entry_price": 43500.0,
      "status": "executed_demo"
    },
    {
      "success": true,
      "trade_id": "demo_1748435304",
      "timestamp": "2025-05-28T15:28:24.654247",
      "symbol": "BTCUSDT",
      "signal": "buy",
      "position_size": 500,
      "confidence": 0.85,
      "expected_return": 0.18,
      "entry_price": 43500.0,
      "status": "executed_demo"
    },
    {
      "success": true,
      "trade_id": "demo_1748435334",
      "timestamp": "2025-05-28T15:28:54.669376",
      "symbol": "BTCUSDT",
      "signal": "buy",
      "position_size": 500,
      "confidence": 0.85,
      "expected_return": 0.18,
      "entry_price": 43500.0,
      "status": "executed_demo"
    },
    {
      "success": true,
      "trade_id": "demo_1748435364",
      "timestamp": "2025-05-28T15:29:24.683165",
      "symbol": "BTCUSDT",
      "signal": "buy",
      "position_size": 500,
      "confidence": 0.85,
      "expected_return": 0.18,
      "entry_price": 43500.0,
      "status": "executed_demo"
    },
    {
      "success": true,
      "trade_id": "demo_1748435394",
      "timestamp": "2025-05-28T15:29:54.693895",
      "symbol": "BTCUSDT",
      "signal": "buy",
      "position_size": 500,
      "confidence": 0.85,
      "expected_return": 0.18,
      "entry_price": 43500.0,
      "status": "executed_demo"
    },
    {
      "success": true,
      "trade_id": "demo_1748435424",
      "timestamp": "2025-05-28T15:30:24.696236",
      "symbol": "BTCUSDT",
      "signal": "buy",
      "position_size": 500,
      "confidence": 0.85,
      "expected_return": 0.18,
      "entry_price": 43500.0,
      "status": "executed_demo"
    },
    {
      "success": true,
      "trade_id": "demo_1748435454",
      "timestamp": "2025-05-28T15:30:54.709127",
      "symbol": "BTCUSDT",
      "signal": "buy",
      "position_size": 500,
      "confidence": 0.85,
      "expected_return": 0.18,
      "entry_price": 43500.0,
      "status": "executed_demo"
    },
    {
      "success": true,
      "trade_id": "demo_1748435484",
      "timestamp": "2025-05-28T15:31:24.718169",
      "symbol": "BTCUSDT",
      "signal": "buy",
      "position_size": 500,
      "confidence": 0.85,
      "expected_return": 0.18,
      "entry_price": 43500.0,
      "status": "executed_demo"
    },
    {
      "success": true,
      "trade_id": "demo_1748435514",
      "timestamp": "2025-05-28T15:31:54.719617",
      "symbol": "BTCUSDT",
      "signal": "buy",
      "position_size": 500,
      "confidence": 0.85,
      "expected_return": 0.18,
      "entry_price": 43500.0,
      "status": "executed_demo"
    },
    {
      "success": true,
      "trade_id": "demo_1748435544",
      "timestamp": "2025-05-28T15:32:24.727128",
      "symbol": "BTCUSDT",
      "signal": "buy",
      "position_size": 500,
      "confidence": 0.85,
      "expected_return": 0.18,
      "entry_price": 43500.0,
      "status": "executed_demo"
    },
    {
      "success": true,
      "trade_id": "demo_1748435574",
      "timestamp": "2025-05-28T15:32:54.739781",
      "symbol": "BTCUSDT",
      "signal": "buy",
      "position_size": 500,
      "confidence": 0.85,
      "expected_return": 0.18,
      "entry_price": 43500.0,
      "status": "executed_demo"
    },
    {
      "success": true,
      "trade_id": "demo_1748435604",
      "timestamp": "2025-05-28T15:33:24.727202",
      "symbol": "BTCUSDT",
      "signal": "buy",
      "position_size": 500,
      "confidence": 0.85,
      "expected_return": 0.18,
      "entry_price": 43500.0,
      "status": "executed_demo"
    },
    {
      "success": true,
      "trade_id": "demo_1748435634",
      "timestamp": "2025-05-28T15:33:54.730598",
      "symbol": "BTCUSDT",
      "signal": "buy",
      "position_size": 500,
      "confidence": 0.85,
      "expected_return": 0.18,
      "entry_price": 43500.0,
      "status": "executed_demo"
    },
    {
      "success": true,
      "trade_id": "demo_1748435664",
      "timestamp": "2025-05-28T15:34:24.732438",
      "symbol": "BTCUSDT",
      "signal": "buy",
      "position_size": 500,
      "confidence": 0.85,
      "expected_return": 0.18,
      "entry_price": 43500.0,
      "status": "executed_demo"
    },
    {
      "success": true,
      "trade_id": "demo_1748435694",
      "timestamp": "2025-05-28T15:34:54.742567",
      "symbol": "BTCUSDT",
      "signal": "buy",
      "position_size": 500,
      "confidence": 0.85,
      "expected_return": 0.18,
      "entry_price": 43500.0,
      "status": "executed_demo"
    },
    {
      "success": true,
      "trade_id": "demo_1748435724",
      "timestamp": "2025-05-28T15:35:24.754933",
      "symbol": "BTCUSDT",
      "signal": "buy",
      "position_size": 500,
      "confidence": 0.85,
      "expected_return": 0.18,
      "entry_price": 43500.0,
      "status": "executed_demo"
    },
    {
      "success": true,
      "trade_id": "demo_1748435754",
      "timestamp": "2025-05-28T15:35:54.755535",
      "symbol": "BTCUSDT",
      "signal": "buy",
      "position_size": 500,
      "confidence": 0.85,
      "expected_return": 0.18,
      "entry_price": 43500.0,
      "status": "executed_demo"
    },
    {
      "success": true,
      "trade_id": "demo_1748435784",
      "timestamp": "2025-05-28T15:36:24.759864",
      "symbol": "BTCUSDT",
      "signal": "buy",
      "position_size": 500,
      "confidence": 0.85,
      "expected_return": 0.18,
      "entry_price": 43500.0,
      "status": "executed_demo"
    },
    {
      "success": true,
      "trade_id": "demo_1748435814",
      "timestamp": "2025-05-28T15:36:54.762875",
      "symbol": "BTCUSDT",
      "signal": "buy",
      "position_size": 500,
      "confidence": 0.85,
      "expected_return": 0.18,
      "entry_price": 43500.0,
      "status": "executed_demo"
    },
    {
      "success": true,
      "trade_id": "demo_1748435844",
      "timestamp": "2025-05-28T15:37:24.782948",
      "symbol": "BTCUSDT",
      "signal": "buy",
      "position_size": 500,
      "confidence": 0.85,
      "expected_return": 0.18,
      "entry_price": 43500.0,
      "status": "executed_demo"
    },
    {
      "success": true,
      "trade_id": "demo_1748435874",
      "timestamp": "2025-05-28T15:37:54.791017",
      "symbol": "BTCUSDT",
      "signal": "buy",
      "position_size": 500,
      "confidence": 0.85,
      "expected_return": 0.18,
      "entry_price": 43500.0,
      "status": "executed_demo"
    },
    {
      "success": true,
      "trade_id": "demo_1748435904",
      "timestamp": "2025-05-28T15:38:24.795432",
      "symbol": "BTCUSDT",
      "signal": "buy",
      "position_size": 500,
      "confidence": 0.85,
      "expected_return": 0.18,
      "entry_price": 43500.0,
      "status": "executed_demo"
    },
    {
      "success": true,
      "trade_id": "demo_1748435934",
      "timestamp": "2025-05-28T15:38:54.807958",
      "symbol": "BTCUSDT",
      "signal": "buy",
      "position_size": 500,
      "confidence": 0.85,
      "expected_return": 0.18,
      "entry_price": 43500.0,
      "status": "executed_demo"
    },
    {
      "success": true,
      "trade_id": "demo_1748435964",
      "timestamp": "2025-05-28T15:39:24.820850",
      "symbol": "BTCUSDT",
      "signal": "buy",
      "position_size": 500,
      "confidence": 0.85,
      "expected_return": 0.18,
      "entry_price": 43500.0,
      "status": "executed_demo"
    },
    {
      "success": true,
      "trade_id": "demo_1748435994",
      "timestamp": "2025-05-28T15:39:54.820806",
      "symbol": "BTCUSDT",
      "signal": "buy",
      "position_size": 500,
      "confidence": 0.85,
      "expected_return": 0.18,
      "entry_price": 43500.0,
      "status": "executed_demo"
    },
    {
      "success": true,
      "trade_id": "demo_1748436024",
      "timestamp": "2025-05-28T15:40:24.825991",
      "symbol": "BTCUSDT",
      "signal": "buy",
      "position_size": 500,
      "confidence": 0.85,
      "expected_return": 0.18,
      "entry_price": 43500.0,
      "status": "executed_demo"
    },
    {
      "success": true,
      "trade_id": "demo_1748436054",
      "timestamp": "2025-05-28T15:40:54.831985",
      "symbol": "BTCUSDT",
      "signal": "buy",
      "position_size": 500,
      "confidence": 0.85,
      "expected_return": 0.18,
      "entry_price": 43500.0,
      "status": "executed_demo"
    },
    {
      "success": true,
      "trade_id": "demo_1748436084",
      "timestamp": "2025-05-28T15:41:24.845234",
      "symbol": "BTCUSDT",
      "signal": "buy",
      "position_size": 500,
      "confidence": 0.85,
      "expected_return": 0.18,
      "entry_price": 43500.0,
      "status": "executed_demo"
    },
    {
      "success": true,
      "trade_id": "demo_1748436114",
      "timestamp": "2025-05-28T15:41:54.859422",
      "symbol": "BTCUSDT",
      "signal": "buy",
      "position_size": 500,
      "confidence": 0.85,
      "expected_return": 0.18,
      "entry_price": 43500.0,
      "status": "executed_demo"
    },
    {
      "success": true,
      "trade_id": "demo_1748436144",
      "timestamp": "2025-05-28T15:42:24.872387",
      "symbol": "BTCUSDT",
      "signal": "buy",
      "position_size": 500,
      "confidence": 0.85,
      "expected_return": 0.18,
      "entry_price": 43500.0,
      "status": "executed_demo"
    },
    {
      "success": true,
      "trade_id": "demo_1748436174",
      "timestamp": "2025-05-28T15:42:54.880001",
      "symbol": "BTCUSDT",
      "signal": "buy",
      "position_size": 500,
      "confidence": 0.85,
      "expected_return": 0.18,
      "entry_price": 43500.0,
      "status": "executed_demo"
    },
    {
      "success": true,
      "trade_id": "demo_1748436204",
      "timestamp": "2025-05-28T15:43:24.890073",
      "symbol": "BTCUSDT",
      "signal": "buy",
      "position_size": 500,
      "confidence": 0.85,
      "expected_return": 0.18,
      "entry_price": 43500.0,
      "status": "executed_demo"
    },
    {
      "success": true,
      "trade_id": "demo_1748436234",
      "timestamp": "2025-05-28T15:43:54.895772",
      "symbol": "BTCUSDT",
      "signal": "buy",
      "position_size": 500,
      "confidence": 0.85,
      "expected_return": 0.18,
      "entry_price": 43500.0,
      "status": "executed_demo"
    },
    {
      "success": true,
      "trade_id": "demo_1748436264",
      "timestamp": "2025-05-28T15:44:24.920962",
      "symbol": "BTCUSDT",
      "signal": "buy",
      "position_size": 500,
      "confidence": 0.85,
      "expected_return": 0.18,
      "entry_price": 43500.0,
      "status": "executed_demo"
    },
    {
      "success": true,
      "trade_id": "demo_1748436294",
      "timestamp": "2025-05-28T15:44:54.925209",
      "symbol": "BTCUSDT",
      "signal": "buy",
      "position_size": 500,
      "confidence": 0.85,
      "expected_return": 0.18,
      "entry_price": 43500.0,
      "status": "executed_demo"
    },
    {
      "success": true,
      "trade_id": "demo_1748436324",
      "timestamp": "2025-05-28T15:45:24.930403",
      "symbol": "BTCUSDT",
      "signal": "buy",
      "position_size": 500,
      "confidence": 0.85,
      "expected_return": 0.18,
      "entry_price": 43500.0,
      "status": "executed_demo"
    },
    {
      "success": true,
      "trade_id": "demo_1748436354",
      "timestamp": "2025-05-28T15:45:54.939136",
      "symbol": "BTCUSDT",
      "signal": "buy",
      "position_size": 500,
      "confidence": 0.85,
      "expected_return": 0.18,
      "entry_price": 43500.0,
      "status": "executed_demo"
    },
    {
      "success": true,
      "trade_id": "demo_1748436384",
      "timestamp": "2025-05-28T15:46:24.940999",
      "symbol": "BTCUSDT",
      "signal": "buy",
      "position_size": 500,
      "confidence": 0.85,
      "expected_return": 0.18,
      "entry_price": 43500.0,
      "status": "executed_demo"
    },
    {
      "success": true,
      "trade_id": "demo_1748436414",
      "timestamp": "2025-05-28T15:46:54.946016",
      "symbol": "BTCUSDT",
      "signal": "buy",
      "position_size": 500,
      "confidence": 0.85,
      "expected_return": 0.18,
      "entry_price": 43500.0,
      "status": "executed_demo"
    },
    {
      "success": true,
      "trade_id": "demo_1748436444",
      "timestamp": "2025-05-28T15:47:24.960188",
      "symbol": "BTCUSDT",
      "signal": "buy",
      "position_size": 500,
      "confidence": 0.85,
      "expected_return": 0.18,
      "entry_price": 43500.0,
      "status": "executed_demo"
    },
    {
      "success": true,
      "trade_id": "demo_1748436474",
      "timestamp": "2025-05-28T15:47:54.964627",
      "symbol": "BTCUSDT",
      "signal": "buy",
      "position_size": 500,
      "confidence": 0.85,
      "expected_return": 0.18,
      "entry_price": 43500.0,
      "status": "executed_demo"
    },
    {
      "success": true,
      "trade_id": "demo_1748436504",
      "timestamp": "2025-05-28T15:48:24.969000",
      "symbol": "BTCUSDT",
      "signal": "buy",
      "position_size": 500,
      "confidence": 0.85,
      "expected_return": 0.18,
      "entry_price": 43500.0,
      "status": "executed_demo"
    },
    {
      "success": true,
      "trade_id": "demo_1748436534",
      "timestamp": "2025-05-28T15:48:54.976095",
      "symbol": "BTCUSDT",
      "signal": "buy",
      "position_size": 500,
      "confidence": 0.85,
      "expected_return": 0.18,
      "entry_price": 43500.0,
      "status": "executed_demo"
    },
    {
      "success": true,
      "trade_id": "demo_1748436564",
      "timestamp": "2025-05-28T15:49:24.992327",
      "symbol": "BTCUSDT",
      "signal": "buy",
      "position_size": 500,
      "confidence": 0.85,
      "expected_return": 0.18,
      "entry_price": 43500.0,
      "status": "executed_demo"
    },
    {
      "success": true,
      "trade_id": "demo_1748436594",
      "timestamp": "2025-05-28T15:49:54.993495",
      "symbol": "BTCUSDT",
      "signal": "buy",
      "position_size": 500,
      "confidence": 0.85,
      "expected_return": 0.18,
      "entry_price": 43500.0,
      "status": "executed_demo"
    },
    {
      "success": true,
      "trade_id": "demo_1748436624",
      "timestamp": "2025-05-28T15:50:24.995634",
      "symbol": "BTCUSDT",
      "signal": "buy",
      "position_size": 500,
      "confidence": 0.85,
      "expected_return": 0.18,
      "entry_price": 43500.0,
      "status": "executed_demo"
    },
    {
      "success": true,
      "trade_id": "demo_1748436655",
      "timestamp": "2025-05-28T15:50:55.006945",
      "symbol": "BTCUSDT",
      "signal": "buy",
      "position_size": 500,
      "confidence": 0.85,
      "expected_return": 0.18,
      "entry_price": 43500.0,
      "status": "executed_demo"
    },
    {
      "success": true,
      "trade_id": "demo_1748436685",
      "timestamp": "2025-05-28T15:51:25.016382",
      "symbol": "BTCUSDT",
      "signal": "buy",
      "position_size": 500,
      "confidence": 0.85,
      "expected_return": 0.18,
      "entry_price": 43500.0,
      "status": "executed_demo"
    },
    {
      "success": true,
      "trade_id": "demo_1748436715",
      "timestamp": "2025-05-28T15:51:55.023152",
      "symbol": "BTCUSDT",
      "signal": "buy",
      "position_size": 500,
      "confidence": 0.85,
      "expected_return": 0.18,
      "entry_price": 43500.0,
      "status": "executed_demo"
    },
    {
      "success": true,
      "trade_id": "demo_1748436745",
      "timestamp": "2025-05-28T15:52:25.036302",
      "symbol": "BTCUSDT",
      "signal": "buy",
      "position_size": 500,
      "confidence": 0.85,
      "expected_return": 0.18,
      "entry_price": 43500.0,
      "status": "executed_demo"
    },
    {
      "success": true,
      "trade_id": "demo_1748436775",
      "timestamp": "2025-05-28T15:52:55.039027",
      "symbol": "BTCUSDT",
      "signal": "buy",
      "position_size": 500,
      "confidence": 0.85,
      "expected_return": 0.18,
      "entry_price": 43500.0,
      "status": "executed_demo"
    },
    {
      "success": true,
      "trade_id": "demo_1748436805",
      "timestamp": "2025-05-28T15:53:25.054297",
      "symbol": "BTCUSDT",
      "signal": "buy",
      "position_size": 500,
      "confidence": 0.85,
      "expected_return": 0.18,
      "entry_price": 43500.0,
      "status": "executed_demo"
    },
    {
      "success": true,
      "trade_id": "demo_1748436835",
      "timestamp": "2025-05-28T15:53:55.068815",
      "symbol": "BTCUSDT",
      "signal": "buy",
      "position_size": 500,
      "confidence": 0.85,
      "expected_return": 0.18,
      "entry_price": 43500.0,
      "status": "executed_demo"
    },
    {
      "success": true,
      "trade_id": "demo_1748436865",
      "timestamp": "2025-05-28T15:54:25.080875",
      "symbol": "BTCUSDT",
      "signal": "buy",
      "position_size": 500,
      "confidence": 0.85,
      "expected_return": 0.18,
      "entry_price": 43500.0,
      "status": "executed_demo"
    },
    {
      "success": true,
      "trade_id": "demo_1748436895",
      "timestamp": "2025-05-28T15:54:55.098655",
      "symbol": "BTCUSDT",
      "signal": "buy",
      "position_size": 500,
      "confidence": 0.85,
      "expected_return": 0.18,
      "entry_price": 43500.0,
      "status": "executed_demo"
    },
    {
      "success": true,
      "trade_id": "demo_1748436925",
      "timestamp": "2025-05-28T15:55:25.107146",
      "symbol": "BTCUSDT",
      "signal": "buy",
      "position_size": 500,
      "confidence": 0.85,
      "expected_return": 0.18,
      "entry_price": 43500.0,
      "status": "executed_demo"
    },
    {
      "success": true,
      "trade_id": "demo_1748436955",
      "timestamp": "2025-05-28T15:55:55.121431",
      "symbol": "BTCUSDT",
      "signal": "buy",
      "position_size": 500,
      "confidence": 0.85,
      "expected_return": 0.18,
      "entry_price": 43500.0,
      "status": "executed_demo"
    },
    {
      "success": true,
      "trade_id": "demo_1748436985",
      "timestamp": "2025-05-28T15:56:25.124959",
      "symbol": "BTCUSDT",
      "signal": "buy",
      "position_size": 500,
      "confidence": 0.85,
      "expected_return": 0.18,
      "entry_price": 43500.0,
      "status": "executed_demo"
    },
    {
      "success": true,
      "trade_id": "demo_1748437015",
      "timestamp": "2025-05-28T15:56:55.136318",
      "symbol": "BTCUSDT",
      "signal": "buy",
      "position_size": 500,
      "confidence": 0.85,
      "expected_return": 0.18,
      "entry_price": 43500.0,
      "status": "executed_demo"
    },
    {
      "success": true,
      "trade_id": "demo_1748437045",
      "timestamp": "2025-05-28T15:57:25.138714",
      "symbol": "BTCUSDT",
      "signal": "buy",
      "position_size": 500,
      "confidence": 0.85,
      "expected_return": 0.18,
      "entry_price": 43500.0,
      "status": "executed_demo"
    },
    {
      "success": true,
      "trade_id": "demo_1748437075",
      "timestamp": "2025-05-28T15:57:55.144906",
      "symbol": "BTCUSDT",
      "signal": "buy",
      "position_size": 500,
      "confidence": 0.85,
      "expected_return": 0.18,
      "entry_price": 43500.0,
      "status": "executed_demo"
    },
    {
      "success": true,
      "trade_id": "demo_1748437105",
      "timestamp": "2025-05-28T15:58:25.149358",
      "symbol": "BTCUSDT",
      "signal": "buy",
      "position_size": 500,
      "confidence": 0.85,
      "expected_return": 0.18,
      "entry_price": 43500.0,
      "status": "executed_demo"
    },
    {
      "success": true,
      "trade_id": "demo_1748437135",
      "timestamp": "2025-05-28T15:58:55.160204",
      "symbol": "BTCUSDT",
      "signal": "buy",
      "position_size": 500,
      "confidence": 0.85,
      "expected_return": 0.18,
      "entry_price": 43500.0,
      "status": "executed_demo"
    },
    {
      "success": true,
      "trade_id": "demo_1748437165",
      "timestamp": "2025-05-28T15:59:25.165908",
      "symbol": "BTCUSDT",
      "signal": "buy",
      "position_size": 500,
      "confidence": 0.85,
      "expected_return": 0.18,
      "entry_price": 43500.0,
      "status": "executed_demo"
    },
    {
      "success": true,
      "trade_id": "demo_1748437195",
      "timestamp": "2025-05-28T15:59:55.186602",
      "symbol": "BTCUSDT",
      "signal": "buy",
      "position_size": 500,
      "confidence": 0.85,
      "expected_return": 0.18,
      "entry_price": 43500.0,
      "status": "executed_demo"
    },
    {
      "success": true,
      "trade_id": "demo_1748437225",
      "timestamp": "2025-05-28T16:00:25.192680",
      "symbol": "BTCUSDT",
      "signal": "buy",
      "position_size": 500,
      "confidence": 0.85,
      "expected_return": 0.18,
      "entry_price": 43500.0,
      "status": "executed_demo"
    },
    {
      "success": true,
      "trade_id": "demo_1748437255",
      "timestamp": "2025-05-28T16:00:55.206618",
      "symbol": "BTCUSDT",
      "signal": "buy",
      "position_size": 500,
      "confidence": 0.85,
      "expected_return": 0.18,
      "entry_price": 43500.0,
      "status": "executed_demo"
    },
    {
      "success": true,
      "trade_id": "demo_1748437285",
      "timestamp": "2025-05-28T16:01:25.208094",
      "symbol": "BTCUSDT",
      "signal": "buy",
      "position_size": 500,
      "confidence": 0.85,
      "expected_return": 0.18,
      "entry_price": 43500.0,
      "status": "executed_demo"
    },
    {
      "success": true,
      "trade_id": "demo_1748437315",
      "timestamp": "2025-05-28T16:01:55.211214",
      "symbol": "BTCUSDT",
      "signal": "buy",
      "position_size": 500,
      "confidence": 0.85,
      "expected_return": 0.18,
      "entry_price": 43500.0,
      "status": "executed_demo"
    },
    {
      "success": true,
      "trade_id": "demo_1748437345",
      "timestamp": "2025-05-28T16:02:25.210279",
      "symbol": "BTCUSDT",
      "signal": "buy",
      "position_size": 500,
      "confidence": 0.85,
      "expected_return": 0.18,
      "entry_price": 43500.0,
      "status": "executed_demo"
    },
    {
      "success": true,
      "trade_id": "demo_1748437375",
      "timestamp": "2025-05-28T16:02:55.220841",
      "symbol": "BTCUSDT",
      "signal": "buy",
      "position_size": 500,
      "confidence": 0.85,
      "expected_return": 0.18,
      "entry_price": 43500.0,
      "status": "executed_demo"
    },
    {
      "success": true,
      "trade_id": "demo_1748437405",
      "timestamp": "2025-05-28T16:03:25.230347",
      "symbol": "BTCUSDT",
      "signal": "buy",
      "position_size": 500,
      "confidence": 0.85,
      "expected_return": 0.18,
      "entry_price": 43500.0,
      "status": "executed_demo"
    },
    {
      "success": true,
      "trade_id": "demo_1748437435",
      "timestamp": "2025-05-28T16:03:55.236396",
      "symbol": "BTCUSDT",
      "signal": "buy",
      "position_size": 500,
      "confidence": 0.85,
      "expected_return": 0.18,
      "entry_price": 43500.0,
      "status": "executed_demo"
    },
    {
      "success": true,
      "trade_id": "demo_1748437465",
      "timestamp": "2025-05-28T16:04:25.249768",
      "symbol": "BTCUSDT",
      "signal": "buy",
      "position_size": 500,
      "confidence": 0.85,
      "expected_return": 0.18,
      "entry_price": 43500.0,
      "status": "executed_demo"
    },
    {
      "success": true,
      "trade_id": "demo_1748437495",
      "timestamp": "2025-05-28T16:04:55.252626",
      "symbol": "BTCUSDT",
      "signal": "buy",
      "position_size": 500,
      "confidence": 0.85,
      "expected_return": 0.18,
      "entry_price": 43500.0,
      "status": "executed_demo"
    },
    {
      "success": true,
      "trade_id": "demo_1748437525",
      "timestamp": "2025-05-28T16:05:25.262504",
      "symbol": "BTCUSDT",
      "signal": "buy",
      "position_size": 500,
      "confidence": 0.85,
      "expected_return": 0.18,
      "entry_price": 43500.0,
      "status": "executed_demo"
    },
    {
      "success": true,
      "trade_id": "demo_1748437555",
      "timestamp": "2025-05-28T16:05:55.264003",
      "symbol": "BTCUSDT",
      "signal": "buy",
      "position_size": 500,
      "confidence": 0.85,
      "expected_return": 0.18,
      "entry_price": 43500.0,
      "status": "executed_demo"
    },
    {
      "success": true,
      "trade_id": "demo_1748437585",
      "timestamp": "2025-05-28T16:06:25.269134",
      "symbol": "BTCUSDT",
      "signal": "buy",
      "position_size": 500,
      "confidence": 0.85,
      "expected_return": 0.18,
      "entry_price": 43500.0,
      "status": "executed_demo"
    },
    {
      "success": true,
      "trade_id": "demo_1748437615",
      "timestamp": "2025-05-28T16:06:55.278090",
      "symbol": "BTCUSDT",
      "signal": "buy",
      "position_size": 500,
      "confidence": 0.85,
      "expected_return": 0.18,
      "entry_price": 43500.0,
      "status": "executed_demo"
    },
    {
      "success": true,
      "trade_id": "demo_1748437645",
      "timestamp": "2025-05-28T16:07:25.279274",
      "symbol": "BTCUSDT",
      "signal": "buy",
      "position_size": 500,
      "confidence": 0.85,
      "expected_return": 0.18,
      "entry_price": 43500.0,
      "status": "executed_demo"
    },
    {
      "success": true,
      "trade_id": "demo_1748437675",
      "timestamp": "2025-05-28T16:07:55.279835",
      "symbol": "BTCUSDT",
      "signal": "buy",
      "position_size": 500,
      "confidence": 0.85,
      "expected_return": 0.18,
      "entry_price": 43500.0,
      "status": "executed_demo"
    },
    {
      "success": true,
      "trade_id": "demo_1748437705",
      "timestamp": "2025-05-28T16:08:25.284078",
      "symbol": "BTCUSDT",
      "signal": "buy",
      "position_size": 500,
      "confidence": 0.85,
      "expected_return": 0.18,
      "entry_price": 43500.0,
      "status": "executed_demo"
    },
    {
      "success": true,
      "trade_id": "demo_1748437735",
      "timestamp": "2025-05-28T16:08:55.296666",
      "symbol": "BTCUSDT",
      "signal": "buy",
      "position_size": 500,
      "confidence": 0.85,
      "expected_return": 0.18,
      "entry_price": 43500.0,
      "status": "executed_demo"
    },
    {
      "success": true,
      "trade_id": "demo_1748437765",
      "timestamp": "2025-05-28T16:09:25.312348",
      "symbol": "BTCUSDT",
      "signal": "buy",
      "position_size": 500,
      "confidence": 0.85,
      "expected_return": 0.18,
      "entry_price": 43500.0,
      "status": "executed_demo"
    },
    {
      "success": true,
      "trade_id": "demo_1748437795",
      "timestamp": "2025-05-28T16:09:55.333752",
      "symbol": "BTCUSDT",
      "signal": "buy",
      "position_size": 500,
      "confidence": 0.85,
      "expected_return": 0.18,
      "entry_price": 43500.0,
      "status": "executed_demo"
    },
    {
      "success": true,
      "trade_id": "demo_1748437825",
      "timestamp": "2025-05-28T16:10:25.343283",
      "symbol": "BTCUSDT",
      "signal": "buy",
      "position_size": 500,
      "confidence": 0.85,
      "expected_return": 0.18,
      "entry_price": 43500.0,
      "status": "executed_demo"
    },
    {
      "success": true,
      "trade_id": "demo_1748437855",
      "timestamp": "2025-05-28T16:10:55.345790",
      "symbol": "BTCUSDT",
      "signal": "buy",
      "position_size": 500,
      "confidence": 0.85,
      "expected_return": 0.18,
      "entry_price": 43500.0,
      "status": "executed_demo"
    },
    {
      "success": true,
      "trade_id": "demo_1748437885",
      "timestamp": "2025-05-28T16:11:25.350877",
      "symbol": "BTCUSDT",
      "signal": "buy",
      "position_size": 500,
      "confidence": 0.85,
      "expected_return": 0.18,
      "entry_price": 43500.0,
      "status": "executed_demo"
    },
    {
      "success": true,
      "trade_id": "demo_1748437915",
      "timestamp": "2025-05-28T16:11:55.354916",
      "symbol": "BTCUSDT",
      "signal": "buy",
      "position_size": 500,
      "confidence": 0.85,
      "expected_return": 0.18,
      "entry_price": 43500.0,
      "status": "executed_demo"
    },
    {
      "success": true,
      "trade_id": "demo_1748437945",
      "timestamp": "2025-05-28T16:12:25.360494",
      "symbol": "BTCUSDT",
      "signal": "buy",
      "position_size": 500,
      "confidence": 0.85,
      "expected_return": 0.18,
      "entry_price": 43500.0,
      "status": "executed_demo"
    },
    {
      "success": true,
      "trade_id": "demo_1748437975",
      "timestamp": "2025-05-28T16:12:55.372935",
      "symbol": "BTCUSDT",
      "signal": "buy",
      "position_size": 500,
      "confidence": 0.85,
      "expected_return": 0.18,
      "entry_price": 43500.0,
      "status": "executed_demo"
    },
    {
      "success": true,
      "trade_id": "demo_1748438005",
      "timestamp": "2025-05-28T16:13:25.376585",
      "symbol": "BTCUSDT",
      "signal": "buy",
      "position_size": 500,
      "confidence": 0.85,
      "expected_return": 0.18,
      "entry_price": 43500.0,
      "status": "executed_demo"
    },
    {
      "success": true,
      "trade_id": "demo_1748438035",
      "timestamp": "2025-05-28T16:13:55.389071",
      "symbol": "BTCUSDT",
      "signal": "buy",
      "position_size": 500,
      "confidence": 0.85,
      "expected_return": 0.18,
      "entry_price": 43500.0,
      "status": "executed_demo"
    },
    {
      "success": true,
      "trade_id": "demo_1748438065",
      "timestamp": "2025-05-28T16:14:25.403129",
      "symbol": "BTCUSDT",
      "signal": "buy",
      "position_size": 500,
      "confidence": 0.85,
      "expected_return": 0.18,
      "entry_price": 43500.0,
      "status": "executed_demo"
    },
    {
      "success": true,
      "trade_id": "demo_1748438095",
      "timestamp": "2025-05-28T16:14:55.417171",
      "symbol": "BTCUSDT",
      "signal": "buy",
      "position_size": 500,
      "confidence": 0.85,
      "expected_return": 0.18,
      "entry_price": 43500.0,
      "status": "executed_demo"
    },
    {
      "success": true,
      "trade_id": "demo_1748438125",
      "timestamp": "2025-05-28T16:15:25.431498",
      "symbol": "BTCUSDT",
      "signal": "buy",
      "position_size": 500,
      "confidence": 0.85,
      "expected_return": 0.18,
      "entry_price": 43500.0,
      "status": "executed_demo"
    },
    {
      "success": true,
      "trade_id": "demo_1748438155",
      "timestamp": "2025-05-28T16:15:55.444477",
      "symbol": "BTCUSDT",
      "signal": "buy",
      "position_size": 500,
      "confidence": 0.85,
      "expected_return": 0.18,
      "entry_price": 43500.0,
      "status": "executed_demo"
    },
    {
      "success": true,
      "trade_id": "demo_1748438185",
      "timestamp": "2025-05-28T16:16:25.457032",
      "symbol": "BTCUSDT",
      "signal": "buy",
      "position_size": 500,
      "confidence": 0.85,
      "expected_return": 0.18,
      "entry_price": 43500.0,
      "status": "executed_demo"
    },
    {
      "success": true,
      "trade_id": "demo_1748438215",
      "timestamp": "2025-05-28T16:16:55.470354",
      "symbol": "BTCUSDT",
      "signal": "buy",
      "position_size": 500,
      "confidence": 0.85,
      "expected_return": 0.18,
      "entry_price": 43500.0,
      "status": "executed_demo"
    },
    {
      "success": true,
      "trade_id": "demo_1748438245",
      "timestamp": "2025-05-28T16:17:25.483411",
      "symbol": "BTCUSDT",
      "signal": "buy",
      "position_size": 500,
      "confidence": 0.85,
      "expected_return": 0.18,
      "entry_price": 43500.0,
      "status": "executed_demo"
    },
    {
      "success": true,
      "trade_id": "demo_1748438275",
      "timestamp": "2025-05-28T16:17:55.484945",
      "symbol": "BTCUSDT",
      "signal": "buy",
      "position_size": 500,
      "confidence": 0.85,
      "expected_return": 0.18,
      "entry_price": 43500.0,
      "status": "executed_demo"
    },
    {
      "success": true,
      "trade_id": "demo_1748438305",
      "timestamp": "2025-05-28T16:18:25.491837",
      "symbol": "BTCUSDT",
      "signal": "buy",
      "position_size": 500,
      "confidence": 0.85,
      "expected_return": 0.18,
      "entry_price": 43500.0,
      "status": "executed_demo"
    },
    {
      "success": true,
      "trade_id": "demo_1748438335",
      "timestamp": "2025-05-28T16:18:55.507684",
      "symbol": "BTCUSDT",
      "signal": "buy",
      "position_size": 500,
      "confidence": 0.85,
      "expected_return": 0.18,
      "entry_price": 43500.0,
      "status": "executed_demo"
    },
    {
      "success": true,
      "trade_id": "demo_1748438365",
      "timestamp": "2025-05-28T16:19:25.521107",
      "symbol": "BTCUSDT",
      "signal": "buy",
      "position_size": 500,
      "confidence": 0.85,
      "expected_return": 0.18,
      "entry_price": 43500.0,
      "status": "executed_demo"
    },
    {
      "success": true,
      "trade_id": "demo_1748438395",
      "timestamp": "2025-05-28T16:19:55.519152",
      "symbol": "BTCUSDT",
      "signal": "buy",
      "position_size": 500,
      "confidence": 0.85,
      "expected_return": 0.18,
      "entry_price": 43500.0,
      "status": "executed_demo"
    },
    {
      "success": true,
      "trade_id": "demo_1748438425",
      "timestamp": "2025-05-28T16:20:25.527057",
      "symbol": "BTCUSDT",
      "signal": "buy",
      "position_size": 500,
      "confidence": 0.85,
      "expected_return": 0.18,
      "entry_price": 43500.0,
      "status": "executed_demo"
    },
    {
      "success": true,
      "trade_id": "demo_1748438455",
      "timestamp": "2025-05-28T16:20:55.530151",
      "symbol": "BTCUSDT",
      "signal": "buy",
      "position_size": 500,
      "confidence": 0.85,
      "expected_return": 0.18,
      "entry_price": 43500.0,
      "status": "executed_demo"
    },
    {
      "success": true,
      "trade_id": "demo_1748438485",
      "timestamp": "2025-05-28T16:21:25.541162",
      "symbol": "BTCUSDT",
      "signal": "buy",
      "position_size": 500,
      "confidence": 0.85,
      "expected_return": 0.18,
      "entry_price": 43500.0,
      "status": "executed_demo"
    },
    {
      "success": true,
      "trade_id": "demo_1748438515",
      "timestamp": "2025-05-28T16:21:55.541855",
      "symbol": "BTCUSDT",
      "signal": "buy",
      "position_size": 500,
      "confidence": 0.85,
      "expected_return": 0.18,
      "entry_price": 43500.0,
      "status": "executed_demo"
    },
    {
      "success": true,
      "trade_id": "demo_1748438545",
      "timestamp": "2025-05-28T16:22:25.547014",
      "symbol": "BTCUSDT",
      "signal": "buy",
      "position_size": 500,
      "confidence": 0.85,
      "expected_return": 0.18,
      "entry_price": 43500.0,
      "status": "executed_demo"
    },
    {
      "success": true,
      "trade_id": "demo_1748438575",
      "timestamp": "2025-05-28T16:22:55.558270",
      "symbol": "BTCUSDT",
      "signal": "buy",
      "position_size": 500,
      "confidence": 0.85,
      "expected_return": 0.18,
      "entry_price": 43500.0,
      "status": "executed_demo"
    },
    {
      "success": true,
      "trade_id": "demo_1748438605",
      "timestamp": "2025-05-28T16:23:25.567532",
      "symbol": "BTCUSDT",
      "signal": "buy",
      "position_size": 500,
      "confidence": 0.85,
      "expected_return": 0.18,
      "entry_price": 43500.0,
      "status": "executed_demo"
    },
    {
      "success": true,
      "trade_id": "demo_1748438635",
      "timestamp": "2025-05-28T16:23:55.577017",
      "symbol": "BTCUSDT",
      "signal": "buy",
      "position_size": 500,
      "confidence": 0.85,
      "expected_return": 0.18,
      "entry_price": 43500.0,
      "status": "executed_demo"
    },
    {
      "success": true,
      "trade_id": "demo_1748438665",
      "timestamp": "2025-05-28T16:24:25.585409",
      "symbol": "BTCUSDT",
      "signal": "buy",
      "position_size": 500,
      "confidence": 0.85,
      "expected_return": 0.18,
      "entry_price": 43500.0,
      "status": "executed_demo"
    },
    {
      "success": true,
      "trade_id": "demo_1748438695",
      "timestamp": "2025-05-28T16:24:55.595898",
      "symbol": "BTCUSDT",
      "signal": "buy",
      "position_size": 500,
      "confidence": 0.85,
      "expected_return": 0.18,
      "entry_price": 43500.0,
      "status": "executed_demo"
    },
    {
      "success": true,
      "trade_id": "demo_1748438725",
      "timestamp": "2025-05-28T16:25:25.604139",
      "symbol": "BTCUSDT",
      "signal": "buy",
      "position_size": 500,
      "confidence": 0.85,
      "expected_return": 0.18,
      "entry_price": 43500.0,
      "status": "executed_demo"
    },
    {
      "success": true,
      "trade_id": "demo_1748438755",
      "timestamp": "2025-05-28T16:25:55.614296",
      "symbol": "BTCUSDT",
      "signal": "buy",
      "position_size": 500,
      "confidence": 0.85,
      "expected_return": 0.18,
      "entry_price": 43500.0,
      "status": "executed_demo"
    },
    {
      "success": true,
      "trade_id": "demo_1748438785",
      "timestamp": "2025-05-28T16:26:25.629218",
      "symbol": "BTCUSDT",
      "signal": "buy",
      "position_size": 500,
      "confidence": 0.85,
      "expected_return": 0.18,
      "entry_price": 43500.0,
      "status": "executed_demo"
    },
    {
      "success": true,
      "trade_id": "demo_1748438815",
      "timestamp": "2025-05-28T16:26:55.637936",
      "symbol": "BTCUSDT",
      "signal": "buy",
      "position_size": 500,
      "confidence": 0.85,
      "expected_return": 0.18,
      "entry_price": 43500.0,
      "status": "executed_demo"
    },
    {
      "success": true,
      "trade_id": "demo_1748438845",
      "timestamp": "2025-05-28T16:27:25.647090",
      "symbol": "BTCUSDT",
      "signal": "buy",
      "position_size": 500,
      "confidence": 0.85,
      "expected_return": 0.18,
      "entry_price": 43500.0,
      "status": "executed_demo"
    },
    {
      "success": true,
      "trade_id": "demo_1748438875",
      "timestamp": "2025-05-28T16:27:55.654899",
      "symbol": "BTCUSDT",
      "signal": "buy",
      "position_size": 500,
      "confidence": 0.85,
      "expected_return": 0.18,
      "entry_price": 43500.0,
      "status": "executed_demo"
    },
    {
      "success": true,
      "trade_id": "demo_1748438905",
      "timestamp": "2025-05-28T16:28:25.660471",
      "symbol": "BTCUSDT",
      "signal": "buy",
      "position_size": 500,
      "confidence": 0.85,
      "expected_return": 0.18,
      "entry_price": 43500.0,
      "status": "executed_demo"
    },
    {
      "success": true,
      "trade_id": "demo_1748438935",
      "timestamp": "2025-05-28T16:28:55.673376",
      "symbol": "BTCUSDT",
      "signal": "buy",
      "position_size": 500,
      "confidence": 0.85,
      "expected_return": 0.18,
      "entry_price": 43500.0,
      "status": "executed_demo"
    },
    {
      "success": true,
      "trade_id": "demo_1748438965",
      "timestamp": "2025-05-28T16:29:25.683556",
      "symbol": "BTCUSDT",
      "signal": "buy",
      "position_size": 500,
      "confidence": 0.85,
      "expected_return": 0.18,
      "entry_price": 43500.0,
      "status": "executed_demo"
    }
  ],
  "bot_scores": {},
  "market_data": [
    {
      "timestamp": "2025-05-28T14:39:53.905117",
      "metrics": {
        "total_trades": 1,
        "session_duration": 0.033227,
        "trades_per_hour": 1.0,
        "safety_status": "DEMO_MODE_ACTIVE",
        "virtual_balance": 10000.0
      }
    },
    {
      "timestamp": "2025-05-28T14:44:53.910553",
      "metrics": {
        "total_trades": 10,
        "session_duration": 300.038663,
        "trades_per_hour": 10.0,
        "safety_status": "DEMO_MODE_ACTIVE",
        "virtual_balance": 10000.0
      }
    },
    {
      "timestamp": "2025-05-28T14:49:53.916644",
      "metrics": {
        "total_trades": 20,
        "session_duration": 600.044754,
        "trades_per_hour": 20.0,
        "safety_status": "DEMO_MODE_ACTIVE",
        "virtual_balance": 10000.0
      }
    },
    {
      "timestamp": "2025-05-28T14:54:53.926246",
      "metrics": {
        "total_trades": 30,
        "session_duration": 900.054356,
        "trades_per_hour": 30.0,
        "safety_status": "DEMO_MODE_ACTIVE",
        "virtual_balance": 10000.0
      }
    },
    {
      "timestamp": "2025-05-28T14:59:53.936168",
      "metrics": {
        "total_trades": 40,
        "session_duration": 1200.064278,
        "trades_per_hour": 40.0,
        "safety_status": "DEMO_MODE_ACTIVE",
        "virtual_balance": 10000.0
      }
    },
    {
      "timestamp": "2025-05-28T15:04:53.958317",
      "metrics": {
        "total_trades": 50,
        "session_duration": 1500.086427,
        "trades_per_hour": 50.0,
        "safety_status": "DEMO_MODE_ACTIVE",
        "virtual_balance": 10000.0
      }
    },
    {
      "timestamp": "2025-05-28T15:09:53.975333",
      "metrics": {
        "total_trades": 60,
        "session_duration": 1800.103443,
        "trades_per_hour": 60.0,
        "safety_status": "DEMO_MODE_ACTIVE",
        "virtual_balance": 10000.0
      }
    },
    {
      "timestamp": "2025-05-28T15:14:54.000577",
      "metrics": {
        "total_trades": 70,
        "session_duration": 2100.128687,
        "trades_per_hour": 70.0,
        "safety_status": "DEMO_MODE_ACTIVE",
        "virtual_balance": 10000.0
      }
    },
    {
      "timestamp": "2025-05-28T15:19:54.008631",
      "metrics": {
        "total_trades": 80,
        "session_duration": 2400.136741,
        "trades_per_hour": 80.0,
        "safety_status": "DEMO_MODE_ACTIVE",
        "virtual_balance": 10000.0
      }
    },
    {
      "timestamp": "2025-05-28T15:24:54.023058",
      "metrics": {
        "total_trades": 90,
        "session_duration": 2700.151168,
        "trades_per_hour": 90.0,
        "safety_status": "DEMO_MODE_ACTIVE",
        "virtual_balance": 10000.0
      }
    },
    {
      "timestamp": "2025-05-28T15:29:54.052995",
      "metrics": {
        "total_trades": 100,
        "session_duration": 3000.181105,
        "trades_per_hour": 100.0,
        "safety_status": "DEMO_MODE_ACTIVE",
        "virtual_balance": 10000.0
      }
    },
    {
      "timestamp": "2025-05-28T15:34:54.078826",
      "metrics": {
        "total_trades": 110,
        "session_duration": 3300.206936,
        "trades_per_hour": 110.0,
        "safety_status": "DEMO_MODE_ACTIVE",
        "virtual_balance": 10000.0
      }
    },
    {
      "timestamp": "2025-05-28T15:39:54.100069",
      "metrics": {
        "total_trades": 120,
        "session_duration": 3600.228179,
        "trades_per_hour": 119.99239451539218,
        "safety_status": "DEMO_MODE_ACTIVE",
        "virtual_balance": 10000.0
      }
    },
    {
      "timestamp": "2025-05-28T15:44:54.119310",
      "metrics": {
        "total_trades": 130,
        "session_duration": 3900.24742,
        "trades_per_hour": 119.99238755986407,
        "safety_status": "DEMO_MODE_ACTIVE",
        "virtual_balance": 10000.0
      }
    },
    {
      "timestamp": "2025-05-28T15:49:54.123372",
      "metrics": {
        "total_trades": 140,
        "session_duration": 4200.251482,
        "trades_per_hour": 119.99281523020007,
        "safety_status": "DEMO_MODE_ACTIVE",
        "virtual_balance": 10000.0
      }
    },
    {
      "timestamp": "2025-05-28T15:54:54.143777",
      "metrics": {
        "total_trades": 150,
        "session_duration": 4500.271887,
        "trades_per_hour": 119.99275011803304,
        "safety_status": "DEMO_MODE_ACTIVE",
        "virtual_balance": 10000.0
      }
    },
    {
      "timestamp": "2025-05-28T15:59:54.158021",
      "metrics": {
        "total_trades": 160,
        "session_duration": 4800.286131,
        "trades_per_hour": 119.99284715138579,
        "safety_status": "DEMO_MODE_ACTIVE",
        "virtual_balance": 10000.0
      }
    },
    {
      "timestamp": "2025-05-28T16:04:54.167883",
      "metrics": {
        "total_trades": 170,
        "session_duration": 5100.295993,
        "trades_per_hour": 119.99303586300702,
        "safety_status": "DEMO_MODE_ACTIVE",
        "virtual_balance": 10000.0
      }
    },
    {
      "timestamp": "2025-05-28T16:09:54.175398",
      "metrics": {
        "total_trades": 180,
        "session_duration": 5400.303508,
        "trades_per_hour": 119.99325575683922,
        "safety_status": "DEMO_MODE_ACTIVE",
        "virtual_balance": 10000.0
      }
    },
    {
      "timestamp": "2025-05-28T16:14:54.189920",
      "metrics": {
        "total_trades": 190,
        "session_duration": 5700.31803,
        "trades_per_hour": 119.99330500512441,
        "safety_status": "DEMO_MODE_ACTIVE",
        "virtual_balance": 10000.0
      }
    },
    {
      "timestamp": "2025-05-28T16:19:54.215460",
      "metrics": {
        "total_trades": 200,
        "session_duration": 6000.34357,
        "trades_per_hour": 119.9931289934453,
        "safety_status": "DEMO_MODE_ACTIVE",
        "virtual_balance": 10000.0
      }
    },
    {
      "timestamp": "2025-05-28T16:24:54.245024",
      "metrics": {
        "total_trades": 210,
        "session_duration": 6300.373134,
        "trades_per_hour": 119.99289310663865,
        "safety_status": "DEMO_MODE_ACTIVE",
        "virtual_balance": 10000.0
      }
    },
    {
      "timestamp": "2025-05-28T16:29:54.254415",
      "metrics": {
        "total_trades": 220,
        "session_duration": 6600.382525,
        "trades_per_hour": 119.99304540307685,
        "safety_status": "DEMO_MODE_ACTIVE",
        "virtual_balance": 10000.0
      }
    }
  ],
  "retraining_history": []
}