timestamp,symbol,signal,confidence,expected_return,actual_return,bot_name,strategy
2025-06-13T20:30:00,BTCUSD,BUY,0.85,0.03,0.024,momentum_bot,momentum
2025-06-13T20:45:00,ETHUSD,SELL,0.78,0.025,0.031,mean_reversion_bot,mean_reversion
2025-06-13T21:00:00,ADAUSD,BUY,0.92,0.04,0.038,breakout_bot,breakout
2025-06-13T21:15:00,SOLUSD,SELL,0.73,0.02,0.015,trend_bot,trend_following
2025-06-13T21:30:00,DOTUSD,BUY,0.89,0.035,0.041,AI_orchestrator,adaptive
2025-06-13T21:45:00,BTCUSD,SELL,0.81,0.028,0.033,momentum_bot,momentum
2025-06-13T22:00:00,ETHUSD,BUY,0.76,0.022,0.018,mean_reversion_bot,mean_reversion
2025-06-13T22:15:00,ADAUSD,SELL,0.88,0.038,0.042,breakout_bot,breakout